{
  "global": {
    "ExpirableFile": true,
    "ExpirableFile_Create": true,
    "ExpirableFile_Update": true,
    "ExpirableFile_Delete": true
  },
  "tenants": {
    "1190": {
      "ExpirableFile": false,
      "ExpirableFile_Create": false,
      "ExpirableFile_Update": false,
      "ExpirableFile_Delete": false
    },
    "1290": {
      "ExpirableFile_Delete": false,
      "ExpirableFile_Purge": false
    },
    "1729": {
      "ExpirableFile_Delete": false,
      "ExpirableFile_Purge": false
    },
    "2107": {
      "ExpirableFile_Delete": false,
      "ExpirableFile_Purge": false
    }
  }
}